{
  "Total" : {
    "transaction" : "Total",
    "sampleCount" : 798,
    "errorCount" : 2,
    "errorPct" : 0.25062656,
    "meanResTime" : 529.1604010025052,
    "medianResTime" : 510.0,
    "minResTime" : 431.0,
    "maxResTime" : 1029.0,
    "pct1ResTime" : 588.1,
    "pct2ResTime" : 602.0,
    "pct3ResTime" : 702.0,
    "throughput" : 9.381612979073596,
    "receivedKBytesPerSec" : 3.3623554329296965,
    "sentKBytesPerSec" : 1.4200683708558663
  },
  "HTTP Request" : {
    "transaction" : "HTTP Request",
    "sampleCount" : 798,
    "errorCount" : 2,
    "errorPct" : 0.25062656,
    "meanResTime" : 529.1604010025052,
    "medianResTime" : 510.0,
    "minResTime" : 431.0,
    "maxResTime" : 1029.0,
    "pct1ResTime" : 588.1,
    "pct2ResTime" : 602.0,
    "pct3ResTime" : 702.0,
    "throughput" : 9.381612979073596,
    "receivedKBytesPerSec" : 3.3623554329296965,
    "sentKBytesPerSec" : 1.4200683708558663
  }
}