{
  "Total" : {
    "transaction" : "Total",
    "sampleCount" : 372,
    "errorCount" : 1,
    "errorPct" : 0.26881722,
    "meanResTime" : 395.1102150537631,
    "medianResTime" : 401.0,
    "minResTime" : 47.0,
    "maxResTime" : 507.0,
    "pct1ResTime" : 418.7,
    "pct2ResTime" : 434.0,
    "pct3ResTime" : 500.0,
    "throughput" : 9.365087357132069,
    "receivedKBytesPerSec" : 3.412978009667187,
    "sentKBytesPerSec" : 1.4137562701399728
  },
  "HTTP Request" : {
    "transaction" : "HTTP Request",
    "sampleCount" : 372,
    "errorCount" : 1,
    "errorPct" : 0.26881722,
    "meanResTime" : 395.1102150537631,
    "medianResTime" : 401.0,
    "minResTime" : 47.0,
    "maxResTime" : 507.0,
    "pct1ResTime" : 418.7,
    "pct2ResTime" : 434.0,
    "pct3ResTime" : 500.0,
    "throughput" : 9.365087357132069,
    "receivedKBytesPerSec" : 3.412978009667187,
    "sentKBytesPerSec" : 1.4137562701399728
  }
}