{
  "Total" : {
    "transaction" : "Total",
    "sampleCount" : 922,
    "errorCount" : 2,
    "errorPct" : 0.21691974,
    "meanResTime" : 505.17136659435994,
    "medianResTime" : 502.0,
    "minResTime" : 414.0,
    "maxResTime" : 950.0,
    "pct1ResTime" : 526.0,
    "pct2ResTime" : 542.8499999999999,
    "pct3ResTime" : 625.7899999999995,
    "throughput" : 9.23653339477665,
    "receivedKBytesPerSec" : 3.310359136604522,
    "sentKBytesPerSec" : 1.3981080822171688
  },
  "HTTP Request" : {
    "transaction" : "HTTP Request",
    "sampleCount" : 922,
    "errorCount" : 2,
    "errorPct" : 0.21691974,
    "meanResTime" : 505.17136659435994,
    "medianResTime" : 502.0,
    "minResTime" : 414.0,
    "maxResTime" : 950.0,
    "pct1ResTime" : 526.0,
    "pct2ResTime" : 542.8499999999999,
    "pct3ResTime" : 625.7899999999995,
    "throughput" : 9.23653339477665,
    "receivedKBytesPerSec" : 3.310359136604522,
    "sentKBytesPerSec" : 1.3981080822171688
  }
}